,City,Latitude,Longitude,Max Temp,Humidity,Cloudiness,Wind Speed,Country,Date
0,Strezhevoy,60.7333,77.5889,46.38,92,100,9.84,RU,2021-09-10 21:28:09
1,Kloulklubed,7.0419,134.2556,79.3,74,100,15.48,PW,2021-09-10 21:24:12
2,Xiaoshi,41.2971,124.1209,60.82,99,51,5.32,CN,2021-09-10 21:28:09
3,Oranjestad,12.524,-70.027,87.75,70,20,24.16,AW,2021-09-10 21:23:37
4,San Patricio,28.017,-97.5169,96.89,43,2,18.59,US,2021-09-10 21:28:10
5,Nemuro,43.3236,145.575,62.08,81,99,5.95,JP,2021-09-10 21:28:10
6,Hilo,19.7297,-155.09,83.28,67,90,5.75,US,2021-09-10 21:28:11
7,Lompoc,34.6391,-120.4579,90.21,70,1,14.97,US,2021-09-10 21:23:22
8,Albany,42.6001,-73.9662,70.84,48,5,1.01,US,2021-09-10 21:28:11
9,Busselton,-33.65,115.3333,47.08,88,18,10.89,AU,2021-09-10 21:28:11
10,New Norfolk,-42.7826,147.0587,48.76,66,81,1.01,AU,2021-09-10 21:28:12
11,Laguna,38.421,-121.4238,91.45,43,1,3.0,US,2021-09-10 21:28:12
12,Port Elizabeth,-33.918,25.5701,62.89,72,40,11.5,ZA,2021-09-10 21:28:12
13,Bredasdorp,-34.5322,20.0403,56.28,94,99,4.61,ZA,2021-09-10 21:28:13
14,Atuona,-9.8,-139.0333,78.1,74,18,18.57,PF,2021-09-10 21:28:13
15,Mar del Plata,-38.0023,-57.5575,51.82,100,90,9.22,AR,2021-09-10 21:23:50
16,Östersund,63.1792,14.6357,54.05,100,75,6.91,SE,2021-09-10 21:28:13
17,Jamestown,42.097,-79.2353,71.02,54,1,5.99,US,2021-09-10 21:28:14
18,Vostok,46.4856,135.8833,50.22,94,100,2.62,RU,2021-09-10 21:28:14
19,Kapaa,22.0752,-159.319,82.72,71,75,1.99,US,2021-09-10 21:28:14
20,Punta Arenas,-53.15,-70.9167,46.51,49,0,26.46,CL,2021-09-10 21:28:14
21,Vilhena,-12.7406,-60.1458,88.02,42,20,2.3,BR,2021-09-10 21:28:15
22,Torbay,47.6666,-52.7314,69.28,96,90,25.32,CA,2021-09-10 21:28:15
23,Ushuaia,-54.8,-68.3,38.86,87,40,3.44,AR,2021-09-10 21:26:57
24,Hermanus,-34.4187,19.2345,56.8,84,29,3.85,ZA,2021-09-10 21:28:15
25,Rikitea,-23.1203,-134.9692,73.29,79,36,11.65,PF,2021-09-10 21:28:16
26,Clyde River,70.4692,-68.5914,34.2,65,38,5.44,CA,2021-09-10 21:28:16
27,Dikson,73.5069,80.5464,40.3,97,100,9.84,RU,2021-09-10 21:28:16
28,Haines Junction,60.7522,-137.5108,55.35,58,91,2.3,CA,2021-09-10 21:28:17
29,Chui,-33.6971,-53.4616,58.5,88,74,11.01,UY,2021-09-10 21:28:17
30,Lebu,-37.6167,-73.65,54.19,83,100,2.71,CL,2021-09-10 21:28:17
31,Hobart,-42.8794,147.3294,49.12,81,40,1.99,AU,2021-09-10 21:27:36
32,Nikolskoye,59.7035,30.7861,48.02,80,64,4.59,RU,2021-09-10 21:28:18
33,Bambous Virieux,-20.3428,57.7575,70.05,88,40,6.91,MU,2021-09-10 21:28:18
34,Taoudenni,22.6783,-3.9836,101.91,7,0,10.31,ML,2021-09-10 21:28:18
35,Tampico,22.2167,-97.85,89.78,51,20,2.3,MX,2021-09-10 21:28:19
36,Cape Town,-33.9258,18.4232,56.88,82,0,4.0,ZA,2021-09-10 21:27:18
37,Morgan City,29.6994,-91.2068,87.01,39,1,10.36,US,2021-09-10 21:28:19
38,Sur,22.5667,59.5289,87.31,63,90,6.08,OM,2021-09-10 21:28:19
39,Lavrentiya,65.5833,-171.0,45.12,92,100,11.65,RU,2021-09-10 21:28:09
40,Tekeli,44.83,78.8239,43.83,48,0,8.97,KZ,2021-09-10 21:28:20
41,Acapulco de Juárez,16.8634,-99.8901,85.82,74,75,9.22,MX,2021-09-10 21:28:20
42,Sunndalsøra,62.6754,8.5515,53.65,99,100,0.31,NO,2021-09-10 21:28:20
43,Caravelas,-17.7125,-39.2481,75.34,78,11,9.22,BR,2021-09-10 21:28:21
44,Castro,-24.7911,-50.0119,64.36,40,5,3.2,BR,2021-09-10 21:28:21
45,Mataura,-46.1927,168.8643,43.48,95,84,5.26,NZ,2021-09-10 21:28:21
46,Atlantic City,39.3643,-74.4229,77.31,45,1,13.8,US,2021-09-10 21:28:22
47,Avarua,-21.2078,-159.775,78.85,73,49,10.36,CK,2021-09-10 21:28:22
48,Saint Paul Harbor,57.79,-152.4072,60.31,63,1,19.57,US,2021-09-10 21:28:22
49,Tautira,-17.7333,-149.15,80.62,61,26,9.28,PF,2021-09-10 21:28:22
50,Vaini,-21.2,-175.2,75.36,83,75,9.22,TO,2021-09-10 21:28:23
51,Isla Mujeres,21.2311,-86.731,82.45,85,100,13.38,MX,2021-09-10 21:28:23
52,Sistranda,63.7256,8.834,53.91,84,99,11.65,NO,2021-09-10 21:28:23
53,Tuktoyaktuk,69.4541,-133.0374,53.6,62,20,21.85,CA,2021-09-10 21:28:24
54,St Albans,51.75,-0.3333,63.97,95,75,6.91,GB,2021-09-10 21:28:24
55,Tual,-5.6667,132.75,80.08,84,100,18.37,ID,2021-09-10 21:28:24
56,Chokurdakh,70.6333,147.9167,30.99,74,45,5.73,RU,2021-09-10 21:28:24
57,Adiaké,5.2863,-3.304,78.39,86,98,4.92,CI,2021-09-10 21:28:25
58,Port Hedland,-20.3167,118.5667,60.85,77,0,9.22,AU,2021-09-10 21:28:25
59,Ribeira Grande,38.5167,-28.7,70.65,74,29,20.69,PT,2021-09-10 21:28:26
60,Hong Kong,22.2855,114.1577,86.05,83,21,4.94,HK,2021-09-10 21:27:39
61,Matara,5.9485,80.5353,77.58,90,100,9.55,LK,2021-09-10 21:28:26
62,Sebezh,56.2955,28.4654,56.77,86,15,3.96,RU,2021-09-10 21:28:26
63,Tasiilaq,65.6145,-37.6368,37.56,50,8,6.15,GL,2021-09-10 21:28:26
64,Pryazha,61.6926,33.6216,40.23,80,87,3.69,RU,2021-09-10 21:28:27
65,Airai,-8.9266,125.4092,57.92,68,21,3.04,TL,2021-09-10 21:28:27
66,Predivinsk,57.0669,93.4378,39.76,96,34,4.12,RU,2021-09-10 21:28:27
67,Qaanaaq,77.484,-69.3632,20.21,69,62,5.95,GL,2021-09-10 21:28:28
68,Malakal,9.5334,31.6605,71.53,94,11,3.44,SS,2021-09-10 21:28:28
69,Atambua,-9.1061,124.8925,70.03,80,10,4.61,ID,2021-09-10 21:28:28
70,Pathein,16.7833,94.7333,76.23,94,100,9.62,MM,2021-09-10 21:28:29
71,Young,-32.6833,-57.6333,56.23,84,85,6.46,UY,2021-09-10 21:28:29
72,Zhigansk,66.7697,123.3711,40.14,62,38,7.85,RU,2021-09-10 21:28:29
73,Umeå,63.8284,20.2597,48.13,100,90,0.0,SE,2021-09-10 21:25:18
74,Pahrump,36.2083,-115.9839,102.25,17,17,7.0,US,2021-09-10 21:28:30
75,Mayo,38.8876,-76.5119,78.17,51,75,8.99,US,2021-09-10 21:28:30
76,Aksay,47.26,39.87,61.72,35,0,4.59,RU,2021-09-10 21:28:30
77,Tilichiki,60.4667,166.1,36.16,62,98,19.95,RU,2021-09-10 21:28:31
78,Saint-Augustin,51.226,-58.6502,63.57,98,100,13.2,CA,2021-09-10 21:28:31
79,Shache,38.4167,77.2406,74.71,19,74,12.82,CN,2021-09-10 21:28:31
80,George Town,5.4112,100.3354,80.89,86,20,2.3,MY,2021-09-10 21:23:40
81,Richmond,37.5538,-77.4603,78.06,50,40,5.01,US,2021-09-10 21:26:04
82,Saint George,37.1041,-113.5841,100.99,18,1,4.0,US,2021-09-10 21:28:32
83,Aklavik,68.2191,-135.0107,56.23,62,75,11.5,CA,2021-09-10 21:28:32
84,Vila Praia de Âncora,41.811,-8.8526,66.11,86,8,3.83,PT,2021-09-10 21:28:32
85,Souillac,-20.5167,57.5167,70.18,88,40,6.91,MU,2021-09-10 21:28:33
86,Vol'sk,52.0333,47.3833,56.73,85,76,8.12,RU,2021-09-10 21:28:33
87,Hithadhoo,-0.6,73.0833,82.94,70,50,6.13,MV,2021-09-10 21:28:33
88,Lorengau,-2.0226,147.2712,82.0,76,85,10.8,PG,2021-09-10 21:28:34
89,Yellowknife,62.456,-114.3525,52.32,58,20,3.44,CA,2021-09-10 21:25:29
90,Jijiga,9.35,42.8,62.82,86,86,8.25,ET,2021-09-10 21:28:34
91,Grand-Santi,4.25,-54.3833,85.23,56,79,2.73,GF,2021-09-10 21:28:34
92,Panzhihua,26.5851,101.7128,66.7,94,81,1.05,CN,2021-09-10 21:28:34
93,Bowen,-20.0167,148.2333,66.42,81,54,12.01,AU,2021-09-10 21:28:35
94,Quatre Cocos,-20.2078,57.7625,69.91,76,3,11.95,MU,2021-09-10 21:28:35
95,Tiksi,71.6872,128.8694,44.08,73,84,8.75,RU,2021-09-10 21:28:35
96,Port Alfred,-33.5906,26.891,67.21,70,32,9.73,ZA,2021-09-10 21:28:36
97,Kyabé,9.4515,18.9449,71.51,96,46,4.23,TD,2021-09-10 21:28:36
98,Longyearbyen,78.2186,15.6401,37.24,75,20,9.22,SJ,2021-09-10 21:28:36
99,Pangody,65.85,74.4859,38.07,71,72,0.76,RU,2021-09-10 21:28:37
100,Labuhan,-6.8844,112.2051,77.49,82,92,10.02,ID,2021-09-10 21:28:37
101,Barrow,71.2906,-156.7887,35.62,93,90,14.97,US,2021-09-10 21:28:37
102,Mata,40.683,-7.4592,61.93,80,42,5.03,PT,2021-09-10 21:28:37
103,Saskylakh,71.9167,114.0833,52.88,67,46,7.78,RU,2021-09-10 21:28:38
104,Carnarvon,-24.8667,113.6333,59.07,77,22,12.66,AU,2021-09-10 21:28:38
105,Araouane,18.9048,-3.5265,100.18,22,5,2.24,ML,2021-09-10 21:28:38
106,Cerritos,33.8583,-118.0648,104.65,48,20,5.01,US,2021-09-10 21:26:35
107,Port Hardy,50.6996,-127.4199,53.78,94,75,3.44,CA,2021-09-10 21:28:39
108,Bilecik Province,40.0,30.1667,56.05,86,67,5.95,TR,2021-09-10 21:28:39
109,Caucaia,-3.7361,-38.6531,80.55,76,0,8.05,BR,2021-09-10 21:28:39
110,Takoradze,4.8845,-1.7554,77.2,85,97,6.04,GH,2021-09-10 21:28:40
111,Hofn,64.2539,-15.2082,53.37,65,53,4.18,IS,2021-09-10 21:28:40
112,Safford,32.834,-109.7076,99.07,17,1,3.44,US,2021-09-10 21:28:40
113,Havre-St-Pierre,50.2334,-63.5986,61.16,94,90,8.05,CA,2021-09-10 21:28:41
114,Norman Wells,65.282,-126.8329,59.04,58,40,19.57,CA,2021-09-10 21:28:41
115,San Quintín,30.4833,-115.95,78.64,68,1,13.89,MX,2021-09-10 21:28:41
116,Cedar City,37.6775,-113.0619,87.4,19,1,21.85,US,2021-09-10 21:28:41
117,Kiunga,-6.1219,141.2906,73.78,100,99,0.72,PG,2021-09-10 21:28:42
118,Jiuquan,39.7432,98.5174,65.23,20,0,3.58,CN,2021-09-10 21:28:42
119,Portobelo,9.55,-79.65,84.61,81,100,4.94,PA,2021-09-10 21:28:42
120,Zigong,29.3416,104.7769,72.63,84,71,0.87,CN,2021-09-10 21:28:43
121,Puerto Ayora,-0.7393,-90.3518,75.16,86,89,8.99,EC,2021-09-10 21:28:43
122,Mount Isa,-20.7333,139.5,51.57,71,0,3.44,AU,2021-09-10 21:28:43
123,Ngunguru,-35.6167,174.5,57.16,64,1,16.87,NZ,2021-09-10 21:28:43
124,Avera,33.194,-82.5271,86.68,24,0,5.26,US,2021-09-10 21:28:44
125,Bethel,41.3712,-73.414,73.76,54,20,1.99,US,2021-09-10 21:28:44
126,Kainantu,-6.2887,145.8655,60.08,96,100,1.61,PG,2021-09-10 21:28:44
127,Provideniya,64.3833,-173.3,41.77,97,100,3.98,RU,2021-09-10 21:28:45
128,Nhulunbuy,-12.2333,136.7667,75.81,83,40,8.05,AU,2021-09-10 21:28:45
129,Riyadh,24.6877,46.7219,84.34,11,12,9.31,SA,2021-09-10 21:24:16
130,Cabo San Lucas,22.8909,-109.9124,87.51,76,75,1.01,MX,2021-09-10 21:25:08
131,Swan Hill,-35.3378,143.5544,56.17,24,0,11.99,AU,2021-09-10 21:28:45
132,Arman',59.7,150.1667,42.96,45,100,7.36,RU,2021-09-10 21:28:46
133,Bubaque,11.2833,-15.8333,78.91,81,99,9.64,GW,2021-09-10 21:28:46
134,Nanortalik,60.1432,-45.2371,45.03,86,100,6.06,GL,2021-09-10 21:28:46
135,Lae,-6.7221,146.9847,74.07,90,100,4.94,PG,2021-09-10 21:28:47
136,Balakhta,55.38,91.6,42.49,81,95,4.45,RU,2021-09-10 21:28:47
137,Linqiong,30.4159,103.4609,71.42,82,72,1.77,CN,2021-09-10 21:28:47
138,Klaksvík,62.2266,-6.589,50.92,74,38,7.78,FO,2021-09-10 21:28:48
139,Palmer,42.1584,-72.3287,72.64,54,15,4.0,US,2021-09-10 21:28:48
140,Arraial do Cabo,-22.9661,-42.0278,75.16,94,75,5.75,BR,2021-09-10 21:28:48
141,Broome,42.2506,-75.833,69.53,60,29,3.0,US,2021-09-10 21:28:48
142,Tsabong,-26.0217,22.401,70.14,32,0,18.68,BW,2021-09-10 21:28:49
143,Codrington,-38.2667,141.9667,60.31,45,90,16.44,AU,2021-09-10 21:28:49
144,Kavieng,-2.5744,150.7967,82.72,75,62,15.77,PG,2021-09-10 21:28:49
145,Arlit,18.7369,7.3853,99.91,12,99,13.82,NE,2021-09-10 21:28:50
146,Fairbanks,64.8378,-147.7164,62.24,59,75,0.0,US,2021-09-10 21:28:50
147,Pinillos,8.9193,-74.4677,92.66,57,100,1.86,CO,2021-09-10 21:28:50
148,Northam,51.0333,-4.2167,64.38,95,94,12.77,GB,2021-09-10 21:28:51
149,Al Bardīyah,31.7561,25.0865,75.92,64,0,9.75,LY,2021-09-10 21:28:51
150,Saldanha,-33.0117,17.9442,48.25,93,36,7.29,ZA,2021-09-10 21:28:51
151,Tuatapere,-46.1333,167.6833,43.83,91,78,5.86,NZ,2021-09-10 21:28:51
152,Forbes,-33.3833,148.0167,49.03,69,0,9.4,AU,2021-09-10 21:28:52
153,East London,-33.0153,27.9116,74.59,52,100,11.7,ZA,2021-09-10 21:28:52
154,Carbonia,39.1672,8.5222,70.45,92,77,3.56,IT,2021-09-10 21:28:52
155,Narsaq,60.9167,-46.05,44.82,87,100,6.15,GL,2021-09-10 21:28:53
156,Henties Bay,-22.116,14.2845,55.85,72,0,4.56,NA,2021-09-10 21:28:53
157,Alice Springs,-23.7,133.8833,47.75,46,3,2.3,AU,2021-09-10 21:28:53
158,Almaznyy,48.0448,40.045,57.34,40,0,1.77,RU,2021-09-10 21:28:54
159,Trat,12.5,102.5,74.23,99,100,1.48,TH,2021-09-10 21:28:54
160,San Luis de Gaceno,4.8205,-73.1685,81.55,82,39,1.88,CO,2021-09-10 21:28:54
161,São Filipe,14.8961,-24.4956,77.86,83,100,9.8,CV,2021-09-10 21:28:54
162,Romitan,39.9343,64.3814,58.95,25,0,9.22,UZ,2021-09-10 21:28:55
163,Alihe,50.5667,123.7167,44.89,95,99,2.95,CN,2021-09-10 21:28:55
164,Coihueco,-36.6167,-71.8333,63.34,59,0,3.44,CL,2021-09-10 21:28:55
165,Severo-Kuril'sk,50.6789,156.125,48.65,58,40,20.69,RU,2021-09-10 21:28:56
166,Kailua,21.4022,-157.7394,85.06,65,20,11.5,US,2021-09-10 21:28:56
167,Sola,-13.8833,167.55,77.77,80,65,20.78,VU,2021-09-10 21:28:56
168,Ilām,26.9167,87.9167,68.56,78,7,6.71,NP,2021-09-10 21:28:57
169,Saint Anthony,45.0205,-93.218,83.93,48,1,4.0,US,2021-09-10 21:28:57
170,Bereket,39.2446,55.5154,71.13,23,1,10.87,TM,2021-09-10 21:28:57
171,Manadhoo,5.7667,73.3833,81.79,74,36,7.31,MV,2021-09-10 21:28:58
172,Mishan,45.55,131.8833,53.76,75,78,1.97,CN,2021-09-10 21:28:58
173,Coquimbo,-29.9533,-71.3436,58.73,72,20,9.22,CL,2021-09-10 21:26:16
174,Naze,28.3667,129.4833,79.92,85,14,10.29,JP,2021-09-10 21:28:58
175,Saint-Philippe,-21.3585,55.7679,67.55,79,41,8.84,RE,2021-09-10 21:28:59
176,Cidreira,-30.1811,-50.2056,62.92,71,76,13.8,BR,2021-09-10 21:28:59
177,Christchurch,-43.5333,172.6333,49.48,71,14,2.3,NZ,2021-09-10 21:28:59
178,Pizarro,4.9533,-77.366,79.38,87,98,9.13,CO,2021-09-10 21:28:59
179,Iqaluit,63.7506,-68.5145,37.13,70,90,3.44,CA,2021-09-10 21:29:00
180,Lagoa,39.05,-27.9833,69.71,72,8,19.98,PT,2021-09-10 21:29:00
181,Nicoya,10.1483,-85.452,81.95,85,100,6.2,CR,2021-09-10 21:29:00
182,Mount Gambier,-37.8333,140.7667,58.91,82,90,16.11,AU,2021-09-10 21:29:01
183,Leningradskiy,69.3833,178.4167,29.86,95,100,4.14,RU,2021-09-10 21:29:01
184,Pevek,69.7008,170.3133,31.01,74,80,11.27,RU,2021-09-10 21:29:01
185,Lakes Entrance,-37.8811,147.981,68.16,45,51,10.33,AU,2021-09-10 21:29:02
186,Dosso,13.049,3.1937,82.42,70,81,9.15,NE,2021-09-10 21:29:02
187,Puno,-15.8333,-70.0333,57.67,32,21,10.27,PE,2021-09-10 21:29:02
188,Ossora,59.2353,163.0719,41.36,59,100,16.6,RU,2021-09-10 21:29:03
189,Atar,20.5169,-13.0499,97.9,29,81,16.73,MR,2021-09-10 21:29:03
190,Bereda,43.2686,-7.5406,62.42,100,37,2.28,ES,2021-09-10 21:29:03
191,Bengkulu,-3.8004,102.2655,75.34,86,100,4.59,ID,2021-09-10 21:29:04
192,Paraná,-31.732,-60.5238,70.3,54,4,2.48,AR,2021-09-10 21:29:04
193,Umluj,25.0213,37.2685,85.41,69,50,9.86,SA,2021-09-10 21:29:04
194,Bluff,-46.6,168.3333,43.81,68,52,12.91,NZ,2021-09-10 21:29:05
195,Vestby,59.6024,10.7467,62.6,71,100,1.01,NO,2021-09-10 21:29:05
196,Vestmannaeyjar,63.4427,-20.2734,52.65,86,100,12.48,IS,2021-09-10 21:29:05
197,Fare,-16.7,-151.0167,76.48,64,55,11.16,PF,2021-09-10 21:29:05
198,Rio Grande,-32.035,-52.0986,62.71,82,100,14.9,BR,2021-09-10 21:29:06
199,Cartagena del Chairá,1.3349,-74.8429,79.45,84,95,3.56,CO,2021-09-10 21:29:06
200,Sechura,-5.5569,-80.8222,72.66,66,17,15.3,PE,2021-09-10 21:29:06
201,Shanghai,31.2222,121.4581,78.87,98,0,2.24,CN,2021-09-10 21:29:07
202,Kaitangata,-46.2817,169.8464,44.62,86,76,9.17,NZ,2021-09-10 21:29:07
203,Kungurtug,50.5994,97.5228,39.24,94,94,0.45,RU,2021-09-10 21:27:30
204,Kibakwe,-6.7167,36.3667,60.8,74,16,4.74,TZ,2021-09-10 21:29:08
205,Pimentel,-6.8367,-79.9342,70.09,64,0,16.11,PE,2021-09-10 21:29:08
206,Bojnourd,37.4747,57.329,64.35,77,0,6.91,IR,2021-09-10 21:29:08
207,Sitka,57.0531,-135.33,57.09,72,90,16.11,US,2021-09-10 21:20:51
208,Bulgan,48.8125,103.5347,48.31,96,100,3.91,MN,2021-09-10 21:29:09
209,Ulaangom,49.9811,92.0667,49.06,59,26,4.81,MN,2021-09-10 21:29:09
210,Camopi,3.1655,-52.3158,84.02,55,72,5.32,GF,2021-09-10 21:29:09
211,Tokur,53.1333,132.9,44.92,97,100,4.14,RU,2021-09-10 21:29:09
212,Isangel,-19.55,169.2667,71.69,62,42,13.04,VU,2021-09-10 21:29:10
213,Mahébourg,-20.4081,57.7,70.09,88,40,6.91,MU,2021-09-10 21:29:10
214,Senador José Porfírio,-2.5908,-51.9542,87.22,55,66,2.35,BR,2021-09-10 21:29:10
215,Morondava,-20.2833,44.2833,77.02,54,0,17.11,MG,2021-09-10 21:29:11
216,Butaritari,3.0707,172.7902,83.7,73,29,14.74,KI,2021-09-10 21:29:11
217,Necochea,-38.5473,-58.7368,51.04,87,61,6.08,AR,2021-09-10 21:24:51
218,Khatanga,71.9667,102.5,50.25,68,33,10.29,RU,2021-09-10 21:29:11
219,Badarpur,24.9,92.6,76.23,97,97,2.37,IN,2021-09-10 21:29:12
220,Lüderitz,-26.6481,15.1594,56.77,74,3,7.45,NA,2021-09-10 21:29:12
221,Kenai,60.5544,-151.2583,59.02,79,90,5.75,US,2021-09-10 21:29:12
222,Kawalu,-7.3817,108.2082,70.32,97,82,0.81,ID,2021-09-10 21:29:12
223,Berlevåg,70.8578,29.0864,42.75,81,75,11.5,NO,2021-09-10 21:29:13
224,Bima,-8.4667,118.7167,75.07,94,78,4.07,ID,2021-09-10 21:29:13
225,Okato,-39.2,173.8833,52.43,80,39,18.63,NZ,2021-09-10 21:29:13
226,Biak,-0.9131,122.8766,74.97,87,96,4.65,ID,2021-09-10 21:29:14
227,Stepnogorsk,52.3544,71.8869,49.15,88,94,10.74,KZ,2021-09-10 21:29:14
228,Arnoldstein,46.5461,13.71,60.3,77,11,3.02,AT,2021-09-10 21:29:14
229,Chumikan,54.7183,135.315,52.66,84,100,12.5,RU,2021-09-10 21:29:14
230,North Bend,43.4065,-124.2243,70.95,59,20,12.66,US,2021-09-10 21:29:15
231,Alta Floresta,-9.8756,-56.0861,89.42,55,20,2.3,BR,2021-09-10 21:29:15
232,Fort Nelson,58.8053,-122.7002,65.79,48,75,12.66,CA,2021-09-10 21:29:16
233,Kānodar,24.1,72.3833,76.17,94,100,3.22,IN,2021-09-10 21:29:16
234,Ilulissat,69.2167,-51.1,30.22,51,0,6.91,GL,2021-09-10 21:29:16
235,Ostrovnoy,68.0531,39.5131,42.48,89,100,19.06,RU,2021-09-10 21:29:16
236,Rome,43.2128,-75.4557,69.94,59,90,1.01,US,2021-09-10 21:29:15
237,Yagodnoye,62.55,149.6667,31.84,89,95,5.61,RU,2021-09-10 21:29:17
238,Tabas,33.5959,56.9244,77.95,17,0,2.26,IR,2021-09-10 21:29:17
239,Vrangel',42.7297,133.0839,65.57,87,92,4.36,RU,2021-09-10 21:29:17
240,Los Llanos de Aridane,28.6585,-17.9182,71.35,83,0,2.3,ES,2021-09-10 21:29:18
241,Samarai,-10.6167,150.6667,78.78,87,100,17.52,PG,2021-09-10 21:29:18
242,Orchard Homes,46.8633,-114.0484,78.94,31,1,6.91,US,2021-09-10 21:28:34
243,Hamilton,39.1834,-84.5333,80.76,44,75,1.01,US,2021-09-10 21:29:18
244,Bhisho,-32.8472,27.4422,77.47,28,92,10.0,ZA,2021-09-10 21:29:19
245,Dharān,26.8125,87.2835,77.04,75,11,7.29,NP,2021-09-10 21:29:19
246,Cherskiy,68.75,161.3,32.32,70,25,11.12,RU,2021-09-10 21:29:19
247,Show Low,34.2542,-110.0298,87.51,23,1,14.97,US,2021-09-10 21:29:20
248,Chālūs,36.655,51.4204,71.06,83,75,0.0,IR,2021-09-10 21:29:20
249,Sangar,63.9242,127.4739,41.29,63,100,1.86,RU,2021-09-10 21:29:21
250,Asău,46.4333,26.4,56.75,44,98,3.56,RO,2021-09-10 21:29:21
251,Shimoda,34.6667,138.95,74.73,75,75,2.57,JP,2021-09-10 21:29:21
252,São João da Barra,-21.6403,-41.0511,75.29,83,7,20.47,BR,2021-09-10 21:29:22
253,Luorong,24.4058,109.6086,78.84,84,26,2.01,CN,2021-09-10 21:29:22
254,Tari,12.4086,4.4914,82.42,69,99,6.26,NG,2021-09-10 21:29:22
255,Nuuk,64.1835,-51.7216,45.21,57,54,6.91,GL,2021-09-10 21:29:23
256,Kudahuvadhoo,2.6708,72.8944,82.89,70,51,5.01,MV,2021-09-10 21:29:23
257,Progreso,21.2833,-89.6667,79.11,89,100,14.56,MX,2021-09-10 21:29:23
258,Ambon City,-3.6954,128.1814,75.34,100,40,3.44,ID,2021-09-10 21:29:23
259,Katiuzhanka,50.806,30.1376,53.82,54,82,0.49,UA,2021-09-10 21:29:24
260,Sambava,-14.2667,50.1667,69.46,84,44,13.09,MG,2021-09-10 21:29:24
261,Camacupa,-12.0167,17.4833,70.18,23,21,6.62,AO,2021-09-10 21:29:24
262,Dukat,62.55,155.55,25.74,84,100,6.71,RU,2021-09-10 21:29:25
263,Katy,29.7858,-95.8244,94.12,37,0,1.01,US,2021-09-10 21:15:28
264,Ust-Kuyga,70.0167,135.6,39.09,58,57,7.14,RU,2021-09-10 21:29:25
265,Luwuk,-0.9516,122.7875,76.08,87,97,3.67,ID,2021-09-10 21:29:25
266,Gualaquiza,-3.4,-78.55,71.65,86,92,1.39,EC,2021-09-10 21:29:26
267,Arkhangelsk,64.5401,40.5433,35.71,93,40,0.0,RU,2021-09-10 21:29:26
268,Dunedin,-45.8742,170.5036,46.8,67,41,14.0,NZ,2021-09-10 21:29:26
269,Salaga,8.5508,-0.5188,76.1,90,100,3.24,GH,2021-09-10 21:29:27
270,Vao,-22.6667,167.4833,66.99,63,100,13.85,NC,2021-09-10 21:29:27
271,Birjand,32.8663,59.2211,64.87,20,0,13.8,IR,2021-09-10 21:29:27
272,Grindavik,63.8424,-22.4338,49.95,100,75,9.22,IS,2021-09-10 21:29:28
273,Zabid,14.1951,43.3152,92.05,59,90,9.4,YE,2021-09-10 21:29:28
274,Homer,59.6425,-151.5483,59.07,90,40,4.61,US,2021-09-10 21:29:28
275,Yaan,7.3833,8.5667,73.09,97,99,4.7,NG,2021-09-10 21:29:28
276,Abbeville,50.1,1.8333,64.36,91,19,8.3,FR,2021-09-10 21:29:29
277,Pathānkot,32.2833,75.65,77.41,81,100,2.57,IN,2021-09-10 21:29:29
278,Varhaug,58.6147,5.6457,63.95,94,100,13.24,NO,2021-09-10 21:29:29
279,Illintsi,49.1048,29.2177,59.94,39,100,4.54,UA,2021-09-10 21:29:30
280,Hobyo,5.3505,48.5268,77.13,81,94,30.53,SO,2021-09-10 21:29:30
281,Channel-Port aux Basques,47.5702,-59.1367,63.77,99,100,16.73,CA,2021-09-10 21:26:35
282,Bathsheba,13.2167,-59.5167,85.05,80,19,14.34,BB,2021-09-10 21:29:30
283,Hualmay,-11.0964,-77.6139,65.16,77,29,8.32,PE,2021-09-10 21:29:31
284,Ponta Delgada,37.7333,-25.6667,68.72,77,20,6.91,PT,2021-09-10 21:29:31
285,Dutse,11.7594,9.3392,79.92,70,79,3.62,NG,2021-09-10 21:29:31
286,Xaçmaz,41.4635,48.806,63.99,71,0,2.8,AZ,2021-09-10 21:29:32
287,Ouésso,1.6136,16.0517,70.68,97,100,2.53,CG,2021-09-10 21:29:32
288,Nakhon Thai,17.1006,100.8374,74.17,97,99,1.07,TH,2021-09-10 21:29:32
289,Bandarbeyla,9.4942,50.8122,77.76,80,65,28.3,SO,2021-09-10 21:29:32
290,Acaraú,-2.8856,-40.12,79.23,78,13,15.73,BR,2021-09-10 21:29:33
291,Ahipara,-35.1667,173.1667,56.37,65,3,16.84,NZ,2021-09-10 21:29:33
292,Kahului,20.8947,-156.47,84.22,58,20,14.97,US,2021-09-10 21:29:33
293,Katsina,12.9894,7.6006,84.13,55,38,1.9,NG,2021-09-10 21:29:34
294,Sørland,67.667,12.6934,49.33,72,100,11.05,NO,2021-09-10 21:29:34
295,Honningsvåg,70.9821,25.9704,44.22,80,65,22.44,NO,2021-09-10 21:29:34
296,Viranşehir,37.2353,39.7631,76.3,45,0,10.8,TR,2021-09-10 21:29:34
297,Kavaratti,10.5669,72.642,81.99,75,100,16.04,IN,2021-09-10 21:29:35
298,Emilio Carranza,19.9711,-96.6114,84.07,65,35,15.46,MX,2021-09-10 21:29:35
299,Palafrugell,41.9174,3.1631,70.72,88,33,5.93,ES,2021-09-10 21:29:35
300,Mitsamiouli,-11.3847,43.2844,77.2,74,6,5.61,KM,2021-09-10 21:29:36
301,Barcelos,41.5388,-8.6151,66.85,89,21,2.28,PT,2021-09-10 21:29:36
302,Madingou,-4.1536,13.55,84.0,53,42,7.31,CG,2021-09-10 21:29:36
303,Vanimo,-2.6741,141.3028,75.38,91,94,5.82,PG,2021-09-10 21:29:37
304,Darhan,49.4867,105.9228,46.33,85,99,6.51,MN,2021-09-10 21:29:37
305,Micco,27.8806,-80.5003,88.02,69,56,1.99,US,2021-09-10 21:29:37
306,Baruun-Urt,46.6806,113.2792,45.88,68,100,1.23,MN,2021-09-10 21:29:37
307,Vitim,59.4511,112.5578,47.64,94,97,2.53,RU,2021-09-10 21:29:38
308,Geraldton,-28.7667,114.6,52.21,100,75,6.91,AU,2021-09-10 21:29:38
309,Chipinge,-20.1883,32.6236,52.68,85,0,6.8,ZW,2021-09-10 21:29:38
310,Laas,46.6166,10.7002,60.26,89,100,1.23,IT,2021-09-10 21:29:39
311,Balabac,7.9868,117.0645,80.94,81,99,9.17,PH,2021-09-10 21:29:39
312,Mahibadhoo,3.7833,72.9667,82.49,72,54,4.16,MV,2021-09-10 21:29:39
313,Tessalit,20.1986,1.0114,95.11,22,86,6.26,ML,2021-09-10 21:29:39
314,Nyrob,60.733,56.7202,40.93,75,100,9.84,RU,2021-09-10 21:29:40
315,Gamba,-2.65,10.0,75.78,87,17,6.44,GA,2021-09-10 21:29:40
316,Srednekolymsk,67.45,153.6833,31.62,81,35,6.08,RU,2021-09-10 21:29:40
317,Itarema,-2.9248,-39.9167,78.67,79,15,14.92,BR,2021-09-10 21:29:41
318,Soubre,5.7856,-6.6083,72.07,91,94,2.73,CI,2021-09-10 21:29:41
319,Guerrero Negro,27.9769,-114.0611,83.73,58,28,14.72,MX,2021-09-10 21:29:41
320,Adrar,20.5022,-10.0711,95.85,27,98,11.56,MR,2021-09-10 21:29:42
321,Chadiza,-14.0678,32.4392,61.27,77,14,12.17,ZM,2021-09-10 21:29:42
322,Walvis Bay,-22.9575,14.5053,56.08,82,0,3.44,NA,2021-09-10 21:29:42
323,Maniitsoq,65.4167,-52.9,39.18,45,22,11.36,GL,2021-09-10 21:29:42
324,Katsuura,35.1333,140.3,73.51,82,80,4.72,JP,2021-09-10 21:29:43
325,Vila Velha,-20.3297,-40.2925,76.95,83,20,14.97,BR,2021-09-10 21:24:43
326,Ancud,-41.8697,-73.8203,51.42,95,100,12.88,CL,2021-09-10 21:29:43
327,Seddon,-37.8068,144.8916,68.11,51,100,11.99,AU,2021-09-10 21:29:43
328,Wyndham,37.6985,-77.6125,78.76,52,40,1.99,US,2021-09-10 21:29:44
329,Rāwah,34.4816,41.9093,83.84,27,0,10.42,IQ,2021-09-10 21:29:44
330,Zambezi,-13.5432,23.1047,76.3,28,49,11.86,ZM,2021-09-10 21:29:44
331,Constitución,-35.3333,-72.4167,56.97,80,100,3.96,CL,2021-09-10 21:29:45
332,Olinda,-8.0089,-34.8553,76.73,69,40,13.8,BR,2021-09-10 21:29:45
333,Koslan,63.4564,48.8989,39.56,85,50,8.14,RU,2021-09-10 21:29:45
334,Slave Lake,55.2834,-114.769,62.58,59,1,5.75,CA,2021-09-10 21:29:45
335,Port Lincoln,-34.7333,135.8667,55.62,92,10,12.12,AU,2021-09-10 21:29:46
336,Novy Urengoy,66.0833,76.6333,41.99,63,100,5.44,RU,2021-09-10 21:26:00
337,Hasaki,35.7333,140.8333,72.0,83,94,6.02,JP,2021-09-10 21:29:46
338,Makakilo City,21.3469,-158.0858,83.61,59,90,6.91,US,2021-09-10 21:29:46
339,Dubai,25.2582,55.3047,93.13,70,81,6.91,AE,2021-09-10 21:29:30
340,Thompson,55.7435,-97.8558,60.64,52,94,15.79,CA,2021-09-10 21:29:47
341,Jining,35.405,116.5814,70.36,95,27,7.18,CN,2021-09-10 21:29:47
342,Jalu,29.0331,21.5482,83.01,31,0,4.63,LY,2021-09-10 21:29:47
343,Lerwick,60.1545,-1.1494,57.2,98,100,10.92,GB,2021-09-10 21:29:48
344,Mangai,-4.05,19.5333,75.34,77,99,5.28,CD,2021-09-10 21:29:48
345,Santa Cruz Cabrália,-16.2781,-39.0247,77.23,73,0,10.36,BR,2021-09-10 21:29:48
346,Matamoros,25.5333,-103.25,89.71,24,20,4.61,MX,2021-09-10 21:25:13
347,Tigil',57.8,158.6667,39.97,69,68,4.65,RU,2021-09-10 21:29:49
348,Colac,-38.3333,143.5833,66.0,29,75,14.85,AU,2021-09-10 21:29:49
349,Kitui,-1.367,38.0106,62.49,76,100,9.66,KE,2021-09-10 21:29:49
350,Port Macquarie,-31.4333,152.9167,48.16,53,0,3.6,AU,2021-09-10 21:27:49
351,Orcopampa,-15.2661,-72.3417,57.94,31,17,13.02,PE,2021-09-10 21:29:50
352,Coyhaique,-45.5752,-72.0662,50.61,71,90,10.36,CL,2021-09-10 21:29:50
353,San Cristobal,7.7669,-72.225,78.98,61,97,6.49,VE,2021-09-10 21:29:51
354,Talnakh,69.4865,88.3972,42.71,82,67,9.01,RU,2021-09-10 21:29:51
355,Yārāda,17.65,83.2667,79.12,100,90,2.3,IN,2021-09-10 21:29:51
356,Ponta do Sol,32.6667,-17.1,77.0,84,35,0.45,PT,2021-09-10 21:29:52
357,Marawi,7.9986,124.2928,66.65,79,100,2.35,PH,2021-09-10 21:29:52
358,Quattro Castella,44.635,10.4743,71.31,46,93,3.89,IT,2021-09-10 21:29:52
359,Łomża,53.1781,22.0593,56.84,61,72,6.55,PL,2021-09-10 21:29:53
360,Buraidah,26.326,43.975,86.45,12,34,8.5,SA,2021-09-10 21:29:53
361,Samoded,63.6083,40.5111,37.27,92,34,4.63,RU,2021-09-10 21:29:53
362,Terney,45.0503,136.6092,62.06,90,100,4.5,RU,2021-09-10 21:29:53
363,Hambantota,6.1241,81.1185,79.14,100,20,8.05,LK,2021-09-10 21:29:54
364,Vila Franca do Campo,37.7167,-25.4333,68.41,82,63,8.21,PT,2021-09-10 21:29:54
365,Kununurra,-15.7667,128.7333,66.18,63,5,1.14,AU,2021-09-10 21:29:54
366,Kaeo,-35.1,173.7833,57.33,75,2,11.77,NZ,2021-09-10 21:29:55
367,Camacha,33.0833,-16.3333,73.53,78,20,3.44,PT,2021-09-10 21:29:55
368,Coahuayana Viejo,18.7333,-103.6833,89.08,69,100,6.67,MX,2021-09-10 21:29:55
369,Yalutorovsk,56.6536,66.3006,43.18,76,79,10.94,RU,2021-09-10 21:29:56
370,Pietermaritzburg,-29.6168,30.3928,56.77,53,1,4.65,ZA,2021-09-10 21:29:56
371,Kirakira,-10.4544,161.9205,80.19,81,50,11.72,SB,2021-09-10 21:29:56
372,Rocha,-34.4833,-54.3333,56.19,91,78,12.71,UY,2021-09-10 21:29:56
373,Abay,49.6311,72.8539,57.58,75,100,17.56,KZ,2021-09-10 21:29:57
374,Taguatinga,-12.3857,-46.5711,91.9,16,3,4.81,BR,2021-09-10 21:29:57
375,Pulandian,39.3953,121.9669,73.53,94,3,5.32,CN,2021-09-10 21:29:57
376,Hastings,50.8552,0.5729,64.78,92,12,14.25,GB,2021-09-10 21:29:58
377,Kyren,51.6828,102.1408,42.33,99,100,1.5,RU,2021-09-10 21:29:58
378,Merauke,-8.4667,140.3333,77.45,87,100,9.84,ID,2021-09-10 21:29:58
379,College,64.8569,-147.8028,64.22,59,75,0.0,US,2021-09-10 21:25:20
380,Jiayuguan City,39.8167,98.3,64.76,20,0,1.95,CN,2021-09-10 21:29:59
381,Barra Patuca,15.8,-84.2833,83.01,81,43,11.65,HN,2021-09-10 21:29:59
382,Baykit,61.67,96.37,39.18,98,99,3.65,RU,2021-09-10 21:29:59
383,Gouyave,12.1646,-61.7296,84.97,74,40,11.5,GD,2021-09-10 21:30:00
384,Kjøllefjord,70.9457,27.3465,42.58,83,53,13.6,NO,2021-09-10 21:30:00
385,Bato,13.3528,123.3677,77.31,93,100,6.17,PH,2021-09-10 21:30:00
386,Yulara,-25.2406,130.9889,46.24,23,0,4.61,AU,2021-09-10 21:30:01
387,Oddur,4.1213,43.8894,71.78,70,28,21.32,SO,2021-09-10 21:30:01
388,Pompéia,-22.1086,-50.1717,65.48,67,100,3.02,BR,2021-09-10 21:26:05
389,Alamosa,37.4695,-105.87,89.65,9,1,0.0,US,2021-09-10 21:30:01
390,Talaya,61.3833,152.75,32.58,63,89,13.22,RU,2021-09-10 21:30:04
391,Vysokogornyy,50.1167,139.15,51.33,99,100,2.39,RU,2021-09-10 21:30:04
392,Leżajsk,50.2626,22.4193,59.67,64,97,4.34,PL,2021-09-10 21:30:05
393,Wāliṅ,27.9833,83.7667,69.51,84,42,4.12,NP,2021-09-10 21:30:05
394,Esperance,-33.8667,121.9,51.64,80,41,14.54,AU,2021-09-10 21:30:05
395,Mongoumba,3.6415,18.5936,70.84,96,100,2.37,CF,2021-09-10 21:30:06
396,San Juan del Cesar,10.7711,-73.0031,90.3,49,100,7.18,CO,2021-09-10 21:30:06
397,Pacific Grove,36.6177,-121.9166,89.6,84,20,5.99,US,2021-09-10 21:30:06
398,Oranjemund,-28.55,16.4333,54.45,81,76,3.33,NA,2021-09-10 21:30:07
399,Ubari,26.5921,12.7805,87.82,25,0,8.97,LY,2021-09-10 21:30:07
400,Emerald,-23.5333,148.1667,59.14,82,7,5.75,AU,2021-09-10 21:30:08
401,Severo-Yeniseyskiy,60.3725,93.0408,35.58,93,48,5.17,RU,2021-09-10 21:30:08
402,Ol'ga,43.7444,135.2892,61.81,97,100,2.66,RU,2021-09-10 21:30:08
403,Banda Aceh,5.5577,95.3222,78.78,75,100,10.92,ID,2021-09-10 21:30:09
404,Zaragoza,41.6561,-0.8773,73.45,54,20,5.99,ES,2021-09-10 21:30:09
405,Dingle,10.9995,122.6711,75.79,93,100,4.54,PH,2021-09-10 21:30:09
406,Burnie,-41.0667,145.9167,51.06,90,97,3.31,AU,2021-09-10 21:30:10
407,Yar-Sale,66.8333,70.8333,38.35,76,82,2.84,RU,2021-09-10 21:30:10
408,Upernavik,72.7868,-56.1549,31.75,64,47,6.06,GL,2021-09-10 21:30:11
409,Mosquera,4.7059,-74.2302,60.89,67,75,9.22,CO,2021-09-10 21:30:11
410,Voh,-20.9667,164.7,73.17,50,2,5.08,NC,2021-09-10 21:30:11
411,Enzan,35.7,138.7333,70.9,91,94,1.61,JP,2021-09-10 21:30:12
412,Bara,10.3744,10.7288,73.69,92,24,4.79,NG,2021-09-10 21:30:12
413,Farīdpur,23.6,89.8333,84.2,95,100,13.04,BD,2021-09-10 21:30:13
414,Talavera,15.6167,120.9333,74.61,96,100,5.06,PH,2021-09-10 21:30:13
415,Mackay,-21.15,149.2,67.05,94,75,6.91,AU,2021-09-10 21:30:13
416,Chingola,-12.529,27.8838,65.1,50,41,12.15,ZM,2021-09-10 21:30:14
417,Cimarron Hills,38.8586,-104.6989,96.64,12,40,11.5,US,2021-09-10 21:30:14
418,Kurkino,53.4257,38.6582,61.5,73,100,5.46,RU,2021-09-10 21:30:14
419,Villazón,-22.0866,-65.5942,59.67,3,0,13.6,BO,2021-09-10 21:30:15
420,Kruisfontein,-34.0033,24.7314,57.88,85,7,2.33,ZA,2021-09-10 21:30:15
421,Dzerzhinskoye,56.8344,95.2283,40.19,90,35,3.58,RU,2021-09-10 21:30:15
422,Saýat,38.7839,63.8803,58.87,17,0,11.12,TM,2021-09-10 21:30:16
423,Tateyama,34.9833,139.8667,73.42,82,71,5.73,JP,2021-09-10 21:30:16
424,Verín,41.9415,-7.4381,61.23,84,43,3.98,ES,2021-09-10 21:30:16
425,Bam,29.106,58.357,77.13,16,0,5.35,IR,2021-09-10 21:30:17
426,Miles City,46.4083,-105.8406,92.52,17,1,6.91,US,2021-09-10 21:30:17
427,Dayong,25.0209,118.2898,85.68,91,0,4.68,CN,2021-09-10 21:30:17
428,Tagusao,9.1924,117.8141,78.98,77,99,4.85,PH,2021-09-10 21:30:18
429,Soyo,-6.1349,12.3689,74.61,87,100,8.86,AO,2021-09-10 21:30:18
430,Kumul,42.8,93.45,72.66,31,87,18.68,CN,2021-09-10 21:30:18
431,Cap Malheureux,-19.9842,57.6142,70.29,77,0,3.0,MU,2021-09-10 21:30:18
432,Omsukchan,62.5333,155.8,27.9,81,100,12.86,RU,2021-09-10 21:30:19
433,Huarmey,-10.0681,-78.1522,66.11,78,28,8.79,PE,2021-09-10 21:30:19
434,Alofi,-19.0595,-169.9187,80.49,78,100,10.36,NU,2021-09-10 21:30:19
435,Wajima,37.4,136.9,73.22,82,54,6.11,JP,2021-09-10 21:30:20
436,Katobu,-4.9408,122.5276,73.44,97,100,4.16,ID,2021-09-10 21:30:20
437,Poum,-20.2333,164.0167,69.96,63,12,7.78,NC,2021-09-10 21:30:20
438,Ivanovka,42.8878,75.085,46.83,40,0,3.18,KG,2021-09-10 21:30:21
439,Tazovsky,67.4667,78.7,41.05,94,100,3.15,RU,2021-09-10 21:30:21
440,Zhangye,38.9342,100.4517,66.65,31,0,4.59,CN,2021-09-10 21:30:21
441,North Battleford,52.7834,-108.2847,67.41,42,1,19.57,CA,2021-09-10 21:30:21
442,Janów Lubelski,50.707,22.4104,59.23,68,92,3.83,PL,2021-09-10 21:30:22
443,San Miguel de Tucumán,-26.8241,-65.2226,78.8,21,0,11.5,AR,2021-09-10 21:30:23
444,Cascais,38.6979,-9.4215,71.46,68,67,1.01,PT,2021-09-10 21:29:39
445,Dalvik,65.9702,-18.5286,46.33,75,99,6.64,IS,2021-09-10 21:30:23
446,Chapais,49.7834,-74.8492,53.38,69,99,6.87,CA,2021-09-10 21:30:23
447,Verkhnevilyuysk,63.4453,120.3167,42.15,78,12,4.79,RU,2021-09-10 21:30:24
448,Belaya Gora,68.5333,146.4167,35.11,74,60,5.03,RU,2021-09-10 21:30:24
449,Qinhuangdao,39.9317,119.5883,71.17,94,29,4.34,CN,2021-09-10 21:30:24
450,Tougue,11.4667,-11.6,67.01,97,95,4.16,GN,2021-09-10 21:30:25
451,Tutóia,-2.7619,-42.2744,79.56,79,5,11.79,BR,2021-09-10 21:30:25
452,New Philadelphia,40.4898,-81.4457,75.69,51,40,1.99,US,2021-09-10 21:30:25
453,Kenora,49.8167,-94.4337,75.18,64,40,11.5,CA,2021-09-10 21:30:26
454,Szprotawa,51.5656,15.5366,66.25,80,38,5.91,PL,2021-09-10 21:30:26
455,Las Palmas,28.4204,-14.0131,72.39,88,20,12.66,ES,2021-09-10 21:30:27
456,Bulawayo,-20.15,28.5833,55.35,63,0,10.09,ZW,2021-09-10 21:30:27
457,Sioux Falls,43.55,-96.7003,84.09,57,75,0.0,US,2021-09-10 21:27:12
458,Ouro Sogui,15.6064,-13.3211,84.2,84,0,4.61,SN,2021-09-10 21:30:28
459,Charlestown,-32.95,151.6667,58.73,93,0,4.0,AU,2021-09-10 21:30:28
460,Pisco,-13.7,-76.2167,63.01,82,75,9.22,PE,2021-09-10 21:30:29
461,Taltal,-25.4,-70.4833,61.75,67,23,4.72,CL,2021-09-10 21:30:30
462,Port Shepstone,-30.7414,30.455,65.25,78,5,17.16,ZA,2021-09-10 21:30:30
463,Wanning,18.8003,110.3967,80.06,89,99,6.78,CN,2021-09-10 21:30:30
464,Kiryat Gat,31.61,34.7642,79.48,100,74,10.09,IL,2021-09-10 21:30:05
465,Nouadhibou,20.931,-17.0347,76.98,73,66,5.75,MR,2021-09-10 21:30:31
466,Hirara,24.8,125.2833,81.34,84,100,19.89,JP,2021-09-10 21:30:31
467,Ratnagiri,16.9833,73.3,78.03,90,77,8.93,IN,2021-09-10 21:30:31
468,Zaysan,47.4667,84.8667,49.78,24,0,9.22,KZ,2021-09-10 21:30:31
469,Mtinko,-4.55,34.85,61.3,65,6,15.01,TZ,2021-09-10 21:30:32
470,Umm Kaddadah,13.6017,26.6876,81.07,63,95,19.73,SD,2021-09-10 21:30:32
471,Mahon,39.8885,4.2658,72.16,88,20,3.44,ES,2021-09-10 21:30:33
472,Richards Bay,-28.783,32.0377,64.2,68,5,17.54,ZA,2021-09-10 21:30:33
473,Kontagora,10.3999,5.4695,73.51,95,100,3.89,NG,2021-09-10 21:30:34
474,Sokoni,-6.4333,39.55,76.21,77,34,18.43,TZ,2021-09-10 21:30:34
475,Port-Gentil,-0.7193,8.7815,78.76,83,75,11.5,GA,2021-09-10 21:30:35
476,Saurimo,-9.6608,20.3916,69.06,23,22,5.44,AO,2021-09-10 21:30:35
477,Tuskegee,32.424,-85.6916,86.09,55,0,3.0,US,2021-09-10 21:30:35
478,Le Port,-20.9373,55.2919,67.96,77,35,1.52,RE,2021-09-10 21:30:36
479,Trogir,43.5125,16.2517,66.25,77,0,1.14,HR,2021-09-10 21:30:36
480,Xapuri,-10.6517,-68.5044,70.45,59,59,1.57,BR,2021-09-10 21:30:36
481,Kamenka,51.3223,42.7678,61.59,64,81,5.59,RU,2021-09-10 21:30:37
482,The Valley,18.217,-63.0578,87.94,62,40,13.8,AI,2021-09-10 21:30:37
483,Zubtsov,56.1753,34.5894,56.79,95,100,3.89,RU,2021-09-10 21:30:38
484,Amuntai,-2.4177,115.2494,73.63,98,98,2.26,ID,2021-09-10 21:30:38
485,Aksarka,66.5606,67.7975,45.27,74,100,7.25,RU,2021-09-10 21:30:38
486,Sakakah,29.9697,40.2064,89.17,17,80,4.03,SA,2021-09-10 21:30:39
487,Pimenta Bueno,-11.6725,-61.1936,83.68,55,88,1.59,BR,2021-09-10 21:30:39
488,Kabelvåg,68.2114,14.4817,45.54,82,100,7.47,NO,2021-09-10 21:30:39
489,Dhidhdhoo,6.8833,73.1,81.95,74,63,10.78,MV,2021-09-10 21:30:40
490,Malartic,48.1335,-78.1328,62.71,66,52,5.21,CA,2021-09-10 21:30:40
491,Sayyan,15.1718,44.3244,66.9,27,100,5.5,YE,2021-09-10 21:30:40
492,Juneau,58.3019,-134.4197,55.4,92,90,21.85,US,2021-09-10 21:30:41
493,Pemangkat,1.1667,108.9667,79.25,86,100,6.69,ID,2021-09-10 21:30:41
494,Gunjur,13.2019,-16.7339,75.27,100,75,8.05,GM,2021-09-10 21:30:41
495,Anloga,5.7947,0.8973,75.42,86,96,11.14,GH,2021-09-10 21:30:42
496,Departamento de Maldonado,-34.6667,-54.9167,54.79,96,90,10.74,UY,2021-09-10 21:30:42
497,Vestmanna,62.1564,-7.1664,49.12,81,90,8.05,FO,2021-09-10 21:30:42
498,São José da Coroa Grande,-8.8978,-35.1478,77.02,69,97,8.66,BR,2021-09-10 21:30:43
499,Ormond Beach,29.2858,-81.0559,82.13,76,75,6.91,US,2021-09-10 21:28:04
500,Skjervøy,70.0311,20.9714,46.58,75,28,14.25,NO,2021-09-10 21:30:43
501,Sioux Lookout,50.1001,-91.917,73.78,56,75,9.22,CA,2021-09-10 21:30:44
502,Bousso,10.4795,16.7117,74.95,92,82,4.97,TD,2021-09-10 21:30:44
503,Itoman,26.1247,127.6694,83.17,91,40,11.5,JP,2021-09-10 21:30:44
504,Macamic,48.7502,-78.9996,61.03,58,56,5.82,CA,2021-09-10 21:30:45
505,Krasnosel'kup,65.7,82.4667,42.28,84,100,15.86,RU,2021-09-10 21:30:45
506,Mossamedes,-15.1961,12.1522,66.61,71,20,6.44,AO,2021-09-10 21:30:45
507,Chunskiy,56.0815,99.6342,38.46,86,40,2.57,RU,2021-09-10 21:30:46
508,Buin,-33.7333,-70.75,73.72,53,100,3.83,CL,2021-09-10 21:30:46
509,Auly,48.5271,34.4949,57.88,51,80,6.04,UA,2021-09-10 21:30:47
510,Inhambane,-23.865,35.3833,66.85,66,34,9.64,MZ,2021-09-10 21:30:47
511,Nago,26.5881,127.9761,83.25,81,94,14.5,JP,2021-09-10 21:30:47
512,Griffith,41.5284,-87.4237,82.02,45,40,1.99,US,2021-09-10 21:25:50
513,Thaba-Tseka,-29.522,28.6084,51.28,45,0,2.93,LS,2021-09-10 21:30:48
514,Levice,48.2156,18.6071,65.5,44,8,5.48,SK,2021-09-10 21:30:48
515,Dinar,38.065,30.1656,66.16,73,3,3.69,TR,2021-09-10 21:30:49
516,Ishigaki,24.3448,124.1572,78.93,100,75,16.11,JP,2021-09-10 21:30:49
517,Camaná,-16.6228,-72.7111,65.14,75,35,7.0,PE,2021-09-10 21:30:49
518,Leopold,-38.1833,144.4667,67.96,32,99,21.85,AU,2021-09-10 21:30:49
519,San Rafael del Sur,11.8485,-86.4384,88.77,84,70,4.59,NI,2021-09-10 21:30:50
520,Hays,30.0502,-98.0336,95.09,36,0,3.0,US,2021-09-10 21:30:51
521,Qobustan,40.0824,49.412,64.51,52,0,4.43,AZ,2021-09-10 21:30:51
522,Yining,29.0361,114.5636,70.38,91,3,1.14,CN,2021-09-10 21:30:51
523,Saint-Pierre,-21.3393,55.4781,67.64,87,90,8.05,RE,2021-09-10 21:30:52
524,Muyezerskiy,63.9333,31.65,43.16,80,99,5.53,RU,2021-09-10 21:30:52
525,Nabire,-3.3667,135.4833,75.47,96,100,5.1,ID,2021-09-10 21:30:52
526,Kaifeng,34.7911,114.3483,74.26,85,1,7.18,CN,2021-09-10 21:30:53
527,Yangi Marg`ilon,40.4272,71.7189,66.92,37,88,4.61,UZ,2021-09-10 21:30:53
528,Tongchuanshi,35.0806,109.0897,68.72,79,0,1.57,CN,2021-09-10 21:30:53
529,Säkylä,61.0333,22.3333,55.44,97,51,4.61,FI,2021-09-10 21:30:54
530,Tura,25.5198,90.2201,74.95,96,99,6.22,IN,2021-09-10 21:30:54
531,Yumen,40.2833,97.2,65.48,20,1,9.84,CN,2021-09-10 21:30:55
532,Iranshahr,27.2025,60.6848,89.94,13,0,4.61,IR,2021-09-10 21:30:56
533,Vrede,-27.4257,29.1659,51.03,43,19,4.68,ZA,2021-09-10 21:30:56
534,Erzin,36.9559,36.2,77.72,83,41,2.95,TR,2021-09-10 21:30:56
535,Impfondo,1.6381,18.0667,70.93,98,100,2.64,CG,2021-09-10 21:30:57
536,Stokmarknes,68.5646,14.9108,45.5,80,99,4.88,NO,2021-09-10 21:30:57
537,Bilma,18.6853,12.9164,94.68,16,40,4.68,NE,2021-09-10 21:30:57
538,Palu,-0.8917,119.8707,74.61,93,72,2.98,ID,2021-09-10 21:30:57
539,Guangyuan,32.442,105.823,66.7,94,2,2.26,CN,2021-09-10 21:30:58
540,Springbok,-29.6643,17.8865,57.52,32,92,1.16,ZA,2021-09-10 21:30:58
541,Te Karaka,-38.4654,177.8679,56.14,47,53,9.33,NZ,2021-09-10 21:30:59
542,El Viejo,12.6633,-87.1672,80.82,89,40,6.91,NI,2021-09-10 21:30:59
543,Goderich,43.7501,-81.7165,70.03,56,53,3.44,CA,2021-09-10 21:30:59
544,Taksimo,56.3444,114.8794,53.2,90,100,1.3,RU,2021-09-10 21:30:59
545,Bakel,14.905,-12.4568,82.35,68,97,8.77,SN,2021-09-10 21:31:00
546,Nome,64.5011,-165.4064,49.1,93,90,10.36,US,2021-09-10 21:27:10
547,Sarkand,45.41,79.9186,49.42,59,0,6.35,KZ,2021-09-10 21:31:01
548,Sumenep,-7.0167,113.8667,79.05,81,94,4.16,ID,2021-09-10 21:31:01
549,Road Town,18.4167,-64.6167,87.89,70,40,11.5,VG,2021-09-10 21:26:23
550,Karratha,-20.7377,116.8463,72.01,35,0,16.93,AU,2021-09-10 21:31:02
551,Gijang,35.2442,129.2139,67.73,76,1,4.03,KR,2021-09-10 21:31:02
552,Tazmalt,36.3868,4.3989,74.57,59,3,3.47,DZ,2021-09-10 21:31:02
553,Hornepayne,49.2138,-84.7705,64.4,55,100,4.76,CA,2021-09-10 21:31:03
554,Abu Kamal,34.4506,40.9171,82.38,35,0,12.62,SY,2021-09-10 21:31:03
